{
  "id": "4028329",
  "name": "临海国有林场",
  "font_family": "iconfont",
  "css_prefix_text": "icon-",
  "description": "",
  "glyphs": [
    {
      "icon_id": "33085716",
      "name": "定位@2x",
      "font_class": "a-dingwei2x",
      "unicode": "e643",
      "unicode_decimal": 58947
    },
    {
      "icon_id": "33085718",
      "name": "地图_选中@2x",
      "font_class": "a-ditu_xuanzhong2x",
      "unicode": "e61a",
      "unicode_decimal": 58906
    },
    {
      "icon_id": "33085730",
      "name": "我的@2x",
      "font_class": "a-wode2x",
      "unicode": "e647",
      "unicode_decimal": 58951
    },
    {
      "icon_id": "8594072",
      "name": "验证码",
      "font_class": "yanzhengma",
      "unicode": "e624",
      "unicode_decimal": 58916
    },
    {
      "icon_id": "33090478",
      "name": "关闭@2x",
      "font_class": "a-guanbi2x",
      "unicode": "e64b",
      "unicode_decimal": 58955
    },
    {
      "icon_id": "21156",
      "name": "点击",
      "font_class": "dianji",
      "unicode": "e600",
      "unicode_decimal": 58880
    },
    {
      "icon_id": "36534",
      "name": "图层",
      "font_class": "tuceng",
      "unicode": "e601",
      "unicode_decimal": 58881
    },
    {
      "icon_id": "883928",
      "name": "开始巡护",
      "font_class": "kaishixunhu",
      "unicode": "e618",
      "unicode_decimal": 58904
    },
    {
      "icon_id": "1228826",
      "name": "search",
      "font_class": "search",
      "unicode": "e6c8",
      "unicode_decimal": 59080
    },
    {
      "icon_id": "1276229",
      "name": "湿地",
      "font_class": "shidi",
      "unicode": "e60f",
      "unicode_decimal": 58895
    },
    {
      "icon_id": "1960652",
      "name": "合并",
      "font_class": "merge",
      "unicode": "e683",
      "unicode_decimal": 59011
    },
    {
      "icon_id": "3538379",
      "name": "删除",
      "font_class": "shanchu",
      "unicode": "e718",
      "unicode_decimal": 59160
    },
    {
      "icon_id": "4766970",
      "name": "phone",
      "font_class": "phone",
      "unicode": "e7e3",
      "unicode_decimal": 59363
    },
    {
      "icon_id": "6219264",
      "name": "清空",
      "font_class": "qingkong",
      "unicode": "e946",
      "unicode_decimal": 59718
    },
    {
      "icon_id": "8017526",
      "name": "login_password",
      "font_class": "login_password",
      "unicode": "e6b3",
      "unicode_decimal": 59059
    },
    {
      "icon_id": "8765144",
      "name": "定位",
      "font_class": "dingwei1",
      "unicode": "e629",
      "unicode_decimal": 58921
    },
    {
      "icon_id": "8953395",
      "name": "trees",
      "font_class": "trees",
      "unicode": "e84b",
      "unicode_decimal": 59467
    },
    {
      "icon_id": "9626842",
      "name": "地图",
      "font_class": "ditu",
      "unicode": "e868",
      "unicode_decimal": 59496
    },
    {
      "icon_id": "11372640",
      "name": "编辑",
      "font_class": "bianji",
      "unicode": "e8ac",
      "unicode_decimal": 59564
    },
    {
      "icon_id": "14464832",
      "name": "cut-coupon",
      "font_class": "cut-coupon",
      "unicode": "e60a",
      "unicode_decimal": 58890
    },
    {
      "icon_id": "15838496",
      "name": "layers",
      "font_class": "layers",
      "unicode": "e675",
      "unicode_decimal": 58997
    },
    {
      "icon_id": "18175800",
      "name": "正方形",
      "font_class": "checkbox-full",
      "unicode": "ea6f",
      "unicode_decimal": 60015
    },
    {
      "icon_id": "22545323",
      "name": "Account",
      "font_class": "Other-31",
      "unicode": "e641",
      "unicode_decimal": 58945
    },
    {
      "icon_id": "24321221",
      "name": "view",
      "font_class": "view",
      "unicode": "e626",
      "unicode_decimal": 58918
    },
    {
      "icon_id": "32335562",
      "name": "开始1",
      "font_class": "kaishi11",
      "unicode": "e646",
      "unicode_decimal": 58950
    },
    {
      "icon_id": "33140878",
      "name": "退出账号@2x",
      "font_class": "a-tuichuzhanghao2x",
      "unicode": "e662",
      "unicode_decimal": 58978
    },
    {
      "icon_id": "33140883",
      "name": "修改密码@2x",
      "font_class": "a-xiugaimima2x",
      "unicode": "e663",
      "unicode_decimal": 58979
    }
  ]
}
